city,date,zman,time
ירושלים,2026-07-29,alot,04:19:59
ירושלים,2026-07-29,netz,05:51:35
ירושלים,2026-07-29,chatzot,12:45:34
ירושלים,2026-07-29,shkia,19:39:33
ירושלים,2026-07-29,tzeit,20:04:56
ירושלים,2026-12-15,alot,05:04:25
ירושלים,2026-12-15,netz,06:30:05
ירושלים,2026-12-15,chatzot,11:34:07
ירושלים,2026-12-15,shkia,16:38:10
ירושלים,2026-12-15,tzeit,17:03:39
ירושלים,2027-03-22,alot,04:19:07
ירושלים,2027-03-22,netz,05:39:19
ירושלים,2027-03-22,chatzot,11:46:01
ירושלים,2027-03-22,shkia,17:52:43
ירושלים,2027-03-22,tzeit,18:15:48
ירושלים,2028-02-29,alot,04:45:41
ירושלים,2028-02-29,netz,06:05:25
ירושלים,2028-02-29,chatzot,11:51:28
ירושלים,2028-02-29,shkia,17:37:31
ירושלים,2028-02-29,tzeit,18:00:44
תל אביב,2026-07-29,alot,04:20:43
תל אביב,2026-07-29,netz,05:52:47
תל אביב,2026-07-29,chatzot,12:47:23
תל אביב,2026-07-29,shkia,19:41:58
תל אביב,2026-07-29,tzeit,20:07:28
תל אביב,2026-12-15,alot,05:06:40
תל אביב,2026-12-15,netz,06:32:38
תל אביב,2026-12-15,chatzot,11:35:56
תל אביב,2026-12-15,shkia,16:39:14
תל אביב,2026-12-15,tzeit,17:04:49
תל אביב,2027-03-22,alot,04:20:36
תל אביב,2027-03-22,netz,05:41:05
תל אביב,2027-03-22,chatzot,11:47:50
תל אביב,2027-03-22,shkia,17:54:34
תל אביב,2027-03-22,tzeit,18:17:44
תל אביב,2028-02-29,alot,04:47:26
תל אביב,2028-02-29,netz,06:07:27
תל אביב,2028-02-29,chatzot,11:53:17
תל אביב,2028-02-29,shkia,17:39:07
תל אביב,2028-02-29,tzeit,18:02:24
חיפה,2026-07-29,alot,04:17:19
חיפה,2026-07-29,netz,05:50:31
חיפה,2026-07-29,chatzot,12:46:33
חיפה,2026-07-29,shkia,19:42:34
חיפה,2026-07-29,tzeit,20:08:19
חיפה,2026-12-15,alot,05:06:50
חיפה,2026-12-15,netz,06:33:32
חיפה,2026-12-15,chatzot,11:35:06
חיפה,2026-12-15,shkia,16:36:41
חיפה,2026-12-15,tzeit,17:02:31
חיפה,2027-03-22,alot,04:19:01
חיפה,2027-03-22,netz,05:40:10
חיפה,2027-03-22,chatzot,11:47:00
חיפה,2027-03-22,shkia,17:53:49
חיפה,2027-03-22,tzeit,18:17:10
חיפה,2028-02-29,alot,04:46:28
חיפה,2028-02-29,netz,06:07:07
חיפה,2028-02-29,chatzot,11:52:27
חיפה,2028-02-29,shkia,17:37:47
חיפה,2028-02-29,tzeit,18:01:16
באר שבע,2026-07-29,alot,04:23:35
באר שבע,2026-07-29,netz,05:54:24
באר שבע,2026-07-29,chatzot,12:47:20
באר שבע,2026-07-29,shkia,19:40:17
באר שבע,2026-07-29,tzeit,20:05:29
באר שבע,2026-12-15,alot,05:05:27
באר שבע,2026-12-15,netz,06:30:37
באר שבע,2026-12-15,chatzot,11:35:54
באר שבע,2026-12-15,shkia,16:41:11
באר שבע,2026-12-15,tzeit,17:06:30
באר שבע,2027-03-22,alot,04:21:25
באר שבע,2027-03-22,netz,05:41:09
באר שבע,2027-03-22,chatzot,11:47:47
באר שבע,2027-03-22,shkia,17:54:26
באר שבע,2027-03-22,tzeit,18:17:23
באר שבע,2028-02-29,alot,04:47:32
באר שבע,2028-02-29,netz,06:06:50
באר שבע,2028-02-29,chatzot,11:53:15
באר שבע,2028-02-29,shkia,17:39:39
באר שבע,2028-02-29,tzeit,18:02:44
